transaction_month,channel,total_transaction_amount,transaction_count
2026-4,ATM,2052320.2700000003,87
2026-4,NetBanking,1811868.7899999996,77
2026-4,POS,2527967.4799999995,102
2026-4,UPI,2673276.2599999993,105
2026-5,ATM,6664757.889999995,272
2026-5,NetBanking,7322040.809999995,285
2026-5,POS,7178268.56,292
2026-5,UPI,6923798.200000005,280
